{"ContentRoots":["C:\\Users\\germa\\source\\repos\\Automatisierung\\Automatisierung_Frontend\\Automatisierung_Frontend\\wwwroot\\","C:\\Users\\germa\\.nuget\\packages\\mudblazor\\7.15.0\\staticwebassets\\","C:\\Users\\germa\\source\\repos\\Automatisierung\\Automatisierung_Frontend\\Automatisierung_Frontend\\obj\\Debug\\net8.0\\scopedcss\\bundle\\"],"Root":{"Children":{"app.css":{"Children":null,"Asset":{"ContentRootIndex":0,"SubPath":"app.css"},"Patterns":null},"bootstrap":{"Children":{"bootstrap.min.css":{"Children":null,"Asset":{"ContentRootIndex":0,"SubPath":"bootstrap/bootstrap.min.css"},"Patterns":null},"bootstrap.min.css.map":{"Children":null,"Asset":{"ContentRootIndex":0,"SubPath":"bootstrap/bootstrap.min.css.map"},"Patterns":null}},"Asset":null,"Patterns":null},"favicon.gif":{"Children":null,"Asset":{"ContentRootIndex":0,"SubPath":"favicon.gif"},"Patterns":null},"Images":{"Children":{"EvilRat.jpg":{"Children":null,"Asset":{"ContentRootIndex":0,"SubPath":"Images/EvilRat.jpg"},"Patterns":null},"rat-spinning-ezgif.com-resize.gif":{"Children":null,"Asset":{"ContentRootIndex":0,"SubPath":"Images/rat-spinning-ezgif.com-resize.gif"},"Patterns":null},"rat-spinning.gif":{"Children":null,"Asset":{"ContentRootIndex":0,"SubPath":"Images/rat-spinning.gif"},"Patterns":null}},"Asset":null,"Patterns":null},"_content":{"Children":{"MudBlazor":{"Children":{"MudBlazor.min.css":{"Children":null,"Asset":{"ContentRootIndex":1,"SubPath":"MudBlazor.min.css"},"Patterns":null},"MudBlazor.min.js":{"Children":null,"Asset":{"ContentRootIndex":1,"SubPath":"MudBlazor.min.js"},"Patterns":null}},"Asset":null,"Patterns":null}},"Asset":null,"Patterns":null},"Automatisierung_Frontend.styles.css":{"Children":null,"Asset":{"ContentRootIndex":2,"SubPath":"Automatisierung_Frontend.styles.css"},"Patterns":null}},"Asset":null,"Patterns":[{"ContentRootIndex":0,"Pattern":"**","Depth":0}]}}